{
    "Randomness seed": 44,
    "Active stake": 0.9999999999999998,
    "Max stake": 0.06101928230513512,
    "Min stake": 0.011222316859436756,
    "Mean stake": 0.019999999999999997,
    "Median stake": 0.016098290558147554,
    "Standard deviation of stake": 0.010500137203996732
}