{
    "Randomness seed": 43,
    "Active stake": 1.0,
    "Max stake": 0.15097220512739049,
    "Min stake": 0.07129903054657634,
    "Mean stake": 0.1,
    "Median stake": 0.087947968505308,
    "Standard deviation of stake": 0.0284262610168946
}