{
    "Randomness seed": 43,
    "Active stake": 1.0000000000000002,
    "Max stake": 0.04649925902869017,
    "Min stake": 0.0053396851385365315,
    "Mean stake": 0.01,
    "Median stake": 0.007875333529129273,
    "Standard deviation of stake": 0.0067299240486356484
}