{
    "Randomness seed": 44,
    "Active stake": 0.9999999999999991,
    "Max stake": 0.04852968704589231,
    "Min stake": 0.0010303317014945894,
    "Mean stake": 0.001999999999999998,
    "Median stake": 0.001442028061667178,
    "Standard deviation of stake": 0.002558515509147745
}