{
    "Randomness seed": 44,
    "Active stake": 1.0,
    "Max stake": 0.24861504351413996,
    "Min stake": 0.16375633253272007,
    "Mean stake": 0.2,
    "Median stake": 0.18119651103680282,
    "Standard deviation of stake": 0.034141463473884436
}