{
    "Randomness seed": 44,
    "Active stake": 1.000000000000001,
    "Max stake": 0.001961613483106631,
    "Min stake": 0.0009078194443370131,
    "Mean stake": 0.001000000000000001,
    "Median stake": 0.0009679283944122271,
    "Standard deviation of stake": 0.00010170407832130845
}