{
    "Randomness seed": 44,
    "Active stake": 1.0,
    "Max stake": 0.07358265587767215,
    "Min stake": 0.013532900559019527,
    "Mean stake": 0.025,
    "Median stake": 0.019191973288263386,
    "Standard deviation of stake": 0.013720471143826914
}