{
    "Randomness seed": 44,
    "Active stake": 0.9999999999999996,
    "Max stake": 0.01685229774324557,
    "Min stake": 0.0027812900709981297,
    "Mean stake": 0.0049999999999999975,
    "Median stake": 0.003985094117764374,
    "Standard deviation of stake": 0.0027729905447146735
}