{
    "Randomness seed": 46,
    "Active stake": 1.0,
    "Max stake": 0.011739674747282132,
    "Min stake": 0.0005195092532718738,
    "Mean stake": 0.001,
    "Median stake": 0.0007221384157186223,
    "Standard deviation of stake": 0.0008923192019612923
}