{
    "Randomness seed": 44,
    "Active stake": 1.0000000000000002,
    "Max stake": 0.03338655159225822,
    "Min stake": 0.005650656254144826,
    "Mean stake": 0.010000000000000004,
    "Median stake": 0.008115167711167576,
    "Standard deviation of stake": 0.005317713487641472
}