{
    "Randomness seed": 44,
    "Active stake": 1.0,
    "Max stake": 0.15304933091387757,
    "Min stake": 0.06245893763038503,
    "Mean stake": 0.1,
    "Median stake": 0.09548221970230275,
    "Standard deviation of stake": 0.028634596564437082
}