{
    "Randomness seed": 44,
    "Active stake": 0.9999999999999999,
    "Max stake": 0.10344889177449465,
    "Min stake": 0.02945696467045671,
    "Mean stake": 0.05,
    "Median stake": 0.042614174793570714,
    "Standard deviation of stake": 0.019269341334330954
}