{
    "Randomness seed": 43,
    "Active stake": 1.0000000000000002,
    "Max stake": 0.011063897816831371,
    "Min stake": 0.000522684439121713,
    "Mean stake": 0.0010000000000000005,
    "Median stake": 0.0007446122136322569,
    "Standard deviation of stake": 0.0008141482310554341
}