{
    "Randomness seed": 44,
    "Active stake": 0.9999999999999986,
    "Max stake": 0.02548553088539249,
    "Min stake": 0.0005410331771269221,
    "Mean stake": 0.0009999999999999985,
    "Median stake": 0.0007454914138540236,
    "Standard deviation of stake": 0.0010525596955137163
}